{
    "rouge1": 0.5644927812158846,
    "rouge2": 0.19762640983969276,
    "rougeL": 0.3338656403233208,
    "meteor": 0.18973665620386798,
    "cosine_similarity": 0.6318929949952303
}