{
    "rouge1": 0.5683086238443128,
    "rouge2": 0.19678120178463512,
    "rougeL": 0.33832675304520715,
    "meteor": 0.1850393115798312,
    "cosine_similarity": 0.6197183575151729
}