{
    "rouge1": 0.5669155182130692,
    "rouge2": 0.19545818859338082,
    "rougeL": 0.32993309583296304,
    "meteor": 0.1895891865047711,
    "cosine_similarity": 0.6300729968312646
}