{
    "rouge1": 0.5677152500577425,
    "rouge2": 0.20283771281892216,
    "rougeL": 0.3349405869660811,
    "meteor": 0.19715111287253426,
    "cosine_similarity": 0.6436814488336241
}