{
    "rouge1": 0.563171051120822,
    "rouge2": 0.20177316790968092,
    "rougeL": 0.3346993989387056,
    "meteor": 0.18775810442734686,
    "cosine_similarity": 0.6325369440650536
}