{
    "rouge1": 0.5563534628434762,
    "rouge2": 0.19128177809184488,
    "rougeL": 0.33142836683364707,
    "meteor": 0.1891455656348564,
    "cosine_similarity": 0.6334552277310365
}