{
    "rouge1": 0.5591751945683279,
    "rouge2": 0.1893472342082259,
    "rougeL": 0.3304493997887862,
    "meteor": 0.17135916127952353,
    "cosine_similarity": 0.6145371492636406
}