{
    "rouge1": 0.6320325520062118,
    "rouge2": 0.3093996160230185,
    "rougeL": 0.42359180820988646,
    "meteor": 0.337344098088237
}