{
    "rouge1": 0.6299936661003,
    "rouge2": 0.3060467380879088,
    "rougeL": 0.4230915911566669,
    "meteor": 0.33021067434237245,
    "cosine_similarity": 0.7289658469668889
}