{
    "rouge1": 0.6331555412154104,
    "rouge2": 0.30615200886128013,
    "rougeL": 0.41627220691302647,
    "meteor": 0.34571969064913927,
    "cosine_similarity": 0.7398509132821544
}