{
    "rouge1": 0.6469268566357902,
    "rouge2": 0.33722182194617945,
    "rougeL": 0.44669986571600806,
    "meteor": 0.3605655734543626,
    "cosine_similarity": 0.7409246646019877
}