{
    "rouge1": 0.6274440560507248,
    "rouge2": 0.29444332949528357,
    "rougeL": 0.41291968347737357,
    "meteor": 0.32268665250483003,
    "cosine_similarity": 0.7093233066090082
}