{
    "rouge1": 0.6226426400288338,
    "rouge2": 0.3031341817244409,
    "rougeL": 0.41897569378635746,
    "meteor": 0.3275378994904807,
    "cosine_similarity": 0.7421905587927825
}