{
    "rouge1": 0.6422481889840015,
    "rouge2": 0.3082904041660043,
    "rougeL": 0.41880351070431054,
    "meteor": 0.35291971704127534,
    "cosine_similarity": 0.7343392619642161
}