{
    "rouge1": 0.5718042064387797,
    "rouge2": 0.24142109115028645,
    "rougeL": 0.36831002720619094,
    "meteor": 0.25272283020250086,
    "cosine_similarity": 0.6799537924418988
}