{
    "rouge1": 0.5706948547522128,
    "rouge2": 0.24330882042834917,
    "rougeL": 0.36750356092296577,
    "meteor": 0.26098476576080615,
    "cosine_similarity": 0.6757436304980394
}