{
    "rouge1": 0.5798887427001311,
    "rouge2": 0.2459541161542829,
    "rougeL": 0.37536979560244005,
    "meteor": 0.24903633128797997,
    "cosine_similarity": 0.6783743300000016
}