{
    "rouge1": 0.570969212112098,
    "rouge2": 0.2336940640826498,
    "rougeL": 0.3620919917130528,
    "meteor": 0.24879504517889844,
    "cosine_similarity": 0.6827738640867934
}