{
    "rouge1": 0.5668610350869014,
    "rouge2": 0.23990410110909047,
    "rougeL": 0.3656666360415579,
    "meteor": 0.2496181509793354,
    "cosine_similarity": 0.6790911388539133
}