{
    "rouge1": 0.5706071875425553,
    "rouge2": 0.2442443539770598,
    "rougeL": 0.37091815175093834,
    "meteor": 0.2551798578054843,
    "cosine_similarity": 0.6837859987707461
}