{
    "rouge1": 0.5799226270269698,
    "rouge2": 0.24720257586458477,
    "rougeL": 0.3736131798034051,
    "meteor": 0.2743985606519189,
    "cosine_similarity": 0.6910372032957562
}