{
    "rouge1": 0.6106109665779863,
    "rouge2": 0.2833767321482045,
    "rougeL": 0.39559231029704495,
    "meteor": 0.3327652324810843,
    "cosine_similarity": 0.7220307202843541
}