{
    "rouge1": 0.6027767146836853,
    "rouge2": 0.28422386868121075,
    "rougeL": 0.39384037330077515,
    "meteor": 0.3274491233442434,
    "cosine_similarity": 0.7114187382719144
}