{
    "rouge1": 0.6141435779495137,
    "rouge2": 0.28554587349212524,
    "rougeL": 0.39785513077999046,
    "meteor": 0.33962357426447026,
    "cosine_similarity": 0.7299524540618315
}