{
    "rouge1": 0.613427265402745,
    "rouge2": 0.27563172873584285,
    "rougeL": 0.394659465311162,
    "meteor": 0.32624372139481167,
    "cosine_similarity": 0.7175719186411066
}