{
    "rouge1": 0.6040820324205936,
    "rouge2": 0.27843056198650673,
    "rougeL": 0.392487013080095,
    "meteor": 0.31949058737054353,
    "cosine_similarity": 0.7218702684352998
}