{
    "rouge1": 0.6186252424333942,
    "rouge2": 0.2930516278453371,
    "rougeL": 0.3991195690132021,
    "meteor": 0.3510191560313527,
    "cosine_similarity": 0.7293402220116181
}