{
    "rouge1": 0.615354014833372,
    "rouge2": 0.279524855165236,
    "rougeL": 0.3940296014840703,
    "meteor": 0.32146654101083755,
    "cosine_similarity": 0.7181124540708833
}